time/fps,train/actor_loss,time/time_elapsed,time/total_timesteps,train/rewards,train/n_updates,train/learning_rate,time/episodes,rollout/ep_len_mean,train/critic_loss,rollout/ep_rew_mean
58,2.0811622376535452,6,408,-0.28342307,100368,0.001,4,102.0,0.0865450795082485,-31.07732275
57,1.3111388624883165,14,816,-0.16181327,100776,0.001,8,102.0,0.04861595289891257,-20.404877625
57,1.0967596033040214,21,1224,-0.1745017,101184,0.001,12,102.0,0.03345434019780334,-16.747556000000003
56,0.960311959771549,28,1632,-0.17293714,101592,0.001,16,102.0,0.028017564347999936,-14.906648875
56,0.9260814739208595,36,2040,-0.13617527,102000,0.001,20,102.0,0.0223522798167359,-13.5444853
56,0.8926558926993725,43,2448,-0.16388987,102408,0.001,24,102.0,0.019634759962083956,-12.793083333333334
56,0.88538744987226,50,2856,-0.14468902,102816,0.001,28,102.0,0.027587397101645667,-12.221034392857144
56,0.880879400991926,58,3264,-0.08979163,103224,0.001,32,102.0,0.019127811259571827,-11.77138615625
55,0.8538996109775469,65,3672,-0.11584817,103632,0.001,36,102.0,0.014818337631831859,-11.46759075
55,0.8271712427045784,72,4080,-0.11701861,104040,0.001,40,102.0,0.015163075845396402,-11.202856700000002
55,0.8556502554930893,80,4488,-0.11155889,104448,0.001,44,102.0,0.019309976845797078,-10.966190568181819
56,0.8721618640656564,87,4896,-0.09648234,104856,0.001,48,102.0,0.017736658239371927,-10.723635916666666
56,0.8363595534773434,94,5304,-0.10693267,105264,0.001,52,102.0,0.018462849461345698,-10.538290096153846
56,0.8710035120739656,101,5712,-0.08873575,105672,0.001,56,102.0,0.013584523721981575,-10.399915857142858
55,0.8679263942381915,109,6120,-0.08746708,106080,0.001,60,102.0,0.022637832142850933,-10.271778216666668
55,0.8509276567720899,116,6528,-0.09216404,106488,0.001,64,102.0,0.011990402551258312,-10.132841078125
55,0.8903761295711293,123,6936,-0.09261218,106896,0.001,68,102.0,0.01342033266601171,-10.046440529411766
55,0.8956105463645038,131,7344,-0.12889996,107304,0.001,72,102.0,0.01715115861346324,-9.952224069444444
55,0.8591934652889476,138,7752,-0.071183816,107712,0.001,76,102.0,0.011473513404637868,-9.871834157894737
56,0.847976051124872,145,8160,-0.13275903,108120,0.001,80,102.0,0.0224988724461154,-9.8882997625
55,0.8832837635395574,153,8568,-0.09221223,108528,0.001,84,102.0,0.013469150874252413,-9.831718845238097
55,0.8539614618993273,160,8976,-0.10338476,108936,0.001,88,102.0,0.013657010468544768,-9.726176545454546
55,0.863705924912995,168,9384,-0.08104239,109344,0.001,92,102.0,0.012692084910311536,-9.639874195652174
55,0.8809598099951651,175,9792,-0.07637242,109752,0.001,96,102.0,0.012278556278176313,-9.591085958333332
55,0.8339503968463224,182,10200,-0.11103094,110160,0.001,100,102.0,0.013759016675655456,-9.565170209999998
55,0.8905307580442989,190,10608,-0.09080209,110568,0.001,104,102.0,0.009808955330620794,-8.64807459
55,0.8366777645606621,197,11016,-0.064050004,110976,0.001,108,102.0,0.012723649240226722,-8.59456367
55,0.8437469274389977,204,11424,-0.11169556,111384,0.001,112,102.0,0.011082601069253595,-8.53484827
55,0.848509733583413,211,11832,-0.13483372,111792,0.001,116,102.0,0.011448553147013573,-8.513744189999999
55,0.8065537097407323,219,12240,-0.11720034,112200,0.001,120,102.0,0.009920734665630496,-8.52294111
55,0.8390001946804571,226,12648,-0.10986766,112608,0.001,124,102.0,0.011078093582125125,-8.490009769999999
55,0.8006837777062958,233,13056,-0.08207208,113016,0.001,128,102.0,0.010354675156265205,-8.46356922
55,0.8413425496980256,241,13464,-0.068012685,113424,0.001,132,102.0,0.010995930873368885,-8.45081493
55,0.811184050990086,249,13872,-0.049937755,113832,0.001,136,102.0,0.011532290096796466,-8.43640965
55,0.8089848008810305,256,14280,-0.10823498,114240,0.001,140,102.0,0.011155161947267605,-8.43158135
55,0.8118578020264121,263,14688,-0.10327168,114648,0.001,144,102.0,0.011248612938467049,-8.41684179
55,0.7721624795128318,270,15096,-0.099838346,115056,0.001,148,102.0,0.00908320697193381,-8.43959048
55,0.8113122862928054,278,15504,-0.08688746,115464,0.001,152,102.0,0.011624097709964011,-8.48797298
55,0.8139995500153187,285,15912,-0.09059774,115872,0.001,156,102.0,0.010228493933419824,-8.48174437
55,0.7755661852219525,292,16320,-0.07190389,116280,0.001,160,102.0,0.01072641454554875,-8.47137051
55,0.8233689572296891,300,16728,-0.11308299,116688,0.001,164,102.0,0.006872314700683323,-8.467974980000001
55,0.786878388301999,307,17136,-0.08096953,117096,0.001,168,102.0,0.006403153401562104,-8.46375427
55,0.7992492657081753,314,17544,-0.08670418,117504,0.001,172,102.0,0.008177353587348526,-8.50795521
55,0.7876426156829385,321,17952,-0.08084675,117912,0.001,176,102.0,0.0067034232767992745,-8.507728539999999
55,0.7922167474148321,329,18360,-0.091149025,118320,0.001,180,102.0,0.014281024172555144,-8.45199691
55,0.7901836662900215,336,18768,-0.09185548,118728,0.001,184,102.0,0.010255311275649742,-8.428933290000002
55,0.7906025075444988,343,19176,-0.071418755,119136,0.001,188,102.0,0.006767706625967049,-8.43696572
55,0.7778949112284417,350,19584,-0.09589593,119544,0.001,192,102.0,0.0057396296475666995,-8.4607966
55,0.7796134831858617,358,19992,-0.091459,119952,0.001,196,102.0,0.0066648761755512915,-8.446620439999998
55,0.7591652098823997,365,20400,-0.10855115,120360,0.001,200,102.0,0.007763857529818208,-8.41659291
55,0.7381392179750929,372,20808,-0.06728025,120768,0.001,204,102.0,0.01325007164896484,-8.426455260000001
55,0.7433429862938675,380,21216,-0.072169945,121176,0.001,208,102.0,0.007288056439446176,-8.44259437
55,0.7333634519109539,387,21624,-0.0966755,121584,0.001,212,102.0,0.0058372776975910015,-8.47298281
55,0.7607526206502727,394,22032,-0.079220116,121992,0.001,216,102.0,0.005674803797292578,-8.46422015
55,0.7423190620600009,401,22440,-0.12309006,122400,0.001,220,102.0,0.010395794974493921,-8.46635173
55,0.7332843694032407,409,22848,-0.056535773,122808,0.001,224,102.0,0.005009889925656584,-8.44398311
55,0.7518662284402287,416,23256,-0.08791781,123216,0.001,228,102.0,0.006091709847918109,-8.45110264
55,0.7504426457133948,423,23664,-0.09163534,123624,0.001,232,102.0,0.005250264690759792,-8.44424573
55,0.7487059451785743,430,24072,-0.04161774,124032,0.001,236,102.0,0.008905059832613915,-8.417328099999999
55,0.7364020996233996,438,24480,-0.114839256,124440,0.001,240,102.0,0.005906907521991753,-8.39907234
55,0.7337260631953969,445,24888,-0.06827165,124848,0.001,244,102.0,0.006994666069444707,-8.39162944
55,0.7079890826169182,452,25296,-0.11389822,125256,0.001,248,102.0,0.00724911387420862,-8.389800890000002
55,0.7453231975144031,460,25704,-0.077142715,125664,0.001,252,102.0,0.006116606281412875,-8.333764260000002
55,0.7225921890314888,467,26112,-0.07994104,126072,0.001,256,102.0,0.0049102423876962245,-8.314207309999999
55,0.7184664899227666,475,26520,-0.08955243,126480,0.001,260,102.0,0.005358831913612199,-8.33630526
55,0.7400050221704969,482,26928,-0.11791312,126888,0.001,264,102.0,0.005054055253162468,-8.35365422
55,0.6969794730345408,490,27336,-0.075599544,127296,0.001,268,102.0,0.01005543663175594,-8.34757847
55,0.7201659983279658,497,27744,-0.074052736,127704,0.001,272,102.0,0.006673911565859967,-8.293042680000001
55,0.7138572738451117,505,28152,-0.13795517,128112,0.001,276,102.0,0.008981275658680163,-8.250870599999999
55,0.7273165256369347,512,28560,-0.061192255,128520,0.001,280,102.0,0.0045927413744970644,-8.22267746
55,0.6845134747963325,519,28968,-0.082279205,128928,0.001,284,102.0,0.00464928241026606,-8.22054588
55,0.7516514746581807,527,29376,-0.03730488,129336,0.001,288,102.0,0.004684729627721633,-8.234199940000002
55,0.7073793621624217,534,29784,-0.11359532,129744,0.001,292,102.0,0.006321071569497387,-8.24824417
55,0.7200951728166318,541,30192,-0.08381286,130152,0.001,296,102.0,0.00568906612255994,-8.241887349999999
55,0.7116169993783913,549,30600,-0.07605026,130560,0.001,300,102.0,0.006210262702284928,-8.265410820000001
55,0.7071113866918227,556,31008,-0.058880385,130968,0.001,304,102.0,0.0036187964744350013,-8.27151412
55,0.7170798200018266,563,31416,-0.072054274,131376,0.001,308,102.0,0.0065203170342297825,-8.243981080000001
55,0.7325084600962845,571,31824,-0.0790498,131784,0.001,312,102.0,0.0047823279752514745,-8.20703761
55,0.7356127833618837,578,32232,-0.08087757,132192,0.001,316,102.0,0.006892139804275597,-8.21134394
55,0.6993604430965349,586,32640,-0.10430509,132600,0.001,320,102.0,0.004100843984120087,-8.200525550000002
55,0.7337493738707375,593,33048,-0.14916928,133008,0.001,324,102.0,0.005994426092822287,-8.20501835
55,0.7214328921308705,600,33456,-0.09677281,133416,0.001,328,102.0,0.003942158507461678,-8.19214694
55,0.7074690227415047,608,33864,-0.085068434,133824,0.001,332,102.0,0.008629650956672598,-8.201415090000001
55,0.6887563747518203,615,34272,-0.065655425,134232,0.001,336,102.0,0.003909235618159394,-8.209272980000001
55,0.7348954093222525,622,34680,-0.10468596,134640,0.001,340,102.0,0.006023408842213708,-8.27253161
55,0.7482848950460845,629,35088,-0.06459194,135048,0.001,344,102.0,0.004174688048592275,-8.281914599999999
55,0.6856794655323029,637,35496,-0.098355114,135456,0.001,348,102.0,0.004127480582146924,-8.26099654
55,0.6922061595262265,644,35904,-0.076855496,135864,0.001,352,102.0,0.00463093243489115,-8.27239542
55,0.7326471086810616,651,36312,-0.10886046,136272,0.001,356,102.0,0.004398612855641427,-8.28902163
55,0.7122433051174762,658,36720,-0.07895903,136680,0.001,360,102.0,0.006714289932050651,-8.274232140000002
55,0.6747989070181754,666,37128,-0.08003452,137088,0.001,364,102.0,0.00555257575858074,-8.287250100000001
55,0.6973445918045792,673,37536,-0.06825482,137496,0.001,368,102.0,0.0064801165500801864,-8.282481510000002
55,0.6886088783834495,680,37944,-0.070710756,137904,0.001,372,102.0,0.004617705573122401,-8.290506709999999
55,0.6885816133489796,687,38352,-0.08968197,138312,0.001,376,102.0,0.005282297088449602,-8.33847988
55,0.6688653446880042,695,38760,-0.080114804,138720,0.001,380,102.0,0.005799811999952676,-8.373134810000002
55,0.6877897831739164,702,39168,-0.07370248,139128,0.001,384,102.0,0.004446788981737222,-8.375952689999998
55,0.6960614212587768,709,39576,-0.07995182,139536,0.001,388,102.0,0.005126776351187122,-8.383068680000001
55,0.7039798644243502,717,39984,-0.06071397,139944,0.001,392,102.0,0.005571692550267258,-8.42136891
55,0.7356345367197897,724,40392,-0.100080855,140352,0.001,396,102.0,0.003883687390114966,-8.45010394
55,0.6956428768588048,731,40800,-0.07327365,140760,0.001,400,102.0,0.004871841940649913,-8.40760278
55,0.7016032536824545,738,41208,-0.074499026,141168,0.001,404,102.0,0.0038802149441942353,-8.405878809999999
55,0.6411387067215115,746,41616,-0.08867735,141576,0.001,408,102.0,0.004336398755720652,-8.41473967
55,0.7156342969221228,753,42024,-0.09687314,141984,0.001,412,102.0,0.005091875049687338,-8.421826930000002
55,0.6736815343884861,761,42432,-0.092980005,142392,0.001,416,102.0,0.0045047297893439,-8.402831979999998
55,0.6899371684766283,768,42840,-0.07602839,142800,0.001,420,102.0,0.00695136969671676,-8.402290799999998
55,0.6854165558721504,776,43248,-0.08747296,143208,0.001,424,102.0,0.003679079864763052,-8.40785949
55,0.6873552869347965,783,43656,-0.053102847,143616,0.001,428,102.0,0.004179269616382525,-8.40080468
55,0.7339972608229693,790,44064,-0.1134921,144024,0.001,432,102.0,0.004462092818107968,-8.38670307
55,0.6868487573137471,798,44472,-0.10212724,144432,0.001,436,102.0,0.0037587959326201062,-8.39329381
55,0.6891332818012611,805,44880,-0.054563805,144840,0.001,440,102.0,0.00604378147388571,-8.324141500000001
55,0.6677022184811386,812,45288,-0.08659217,145248,0.001,444,102.0,0.0035831910665329618,-8.317954160000001
55,0.709429465672549,820,45696,-0.08400202,145656,0.001,448,102.0,0.006644599528882799,-8.32972716
55,0.6695976461849961,827,46104,-0.0817027,146064,0.001,452,102.0,0.0032254707795229976,-8.31917909
55,0.6789234064373315,835,46512,-0.09448577,146472,0.001,456,102.0,0.004413239805110018,-8.30651667
55,0.6713373468202704,842,46920,-0.054068714,146880,0.001,460,102.0,0.0037209498142485743,-8.33092876
55,0.6289352833055982,849,47328,-0.09312127,147288,0.001,464,102.0,0.004044389339647822,-8.30625776
55,0.6776316329544666,857,47736,-0.075613715,147696,0.001,468,102.0,0.0049068505120208016,-8.278375200000001
55,0.7024923224075168,864,48144,-0.09565893,148104,0.001,472,102.0,0.005631499808491664,-8.28282015
55,0.653888604220222,871,48552,-0.087439835,148512,0.001,476,102.0,0.00397975891702991,-8.2687545
55,0.6529210186472126,879,48960,-0.07013646,148920,0.001,480,102.0,0.0034192973860840805,-8.24964739
55,0.6409798819644779,886,49368,-0.08812561,149328,0.001,484,102.0,0.002927242230404826,-8.24198362
55,0.6089406907558441,894,49776,-0.092654966,149736,0.001,488,102.0,0.0051362342252533,-8.25569419
55,0.6182161370913187,901,50184,-0.070799604,150144,0.001,492,102.0,0.005310165216488873,-8.177567479999999
55,0.6365103744993023,908,50592,-0.0977508,150552,0.001,496,102.0,0.0037137473689154814,-8.16449618
55,0.6312748661228255,915,51000,-0.09007366,150960,0.001,500,102.0,0.00348227635892245,-8.169381620000001
55,0.6144733849693748,923,51408,-0.058807243,151368,0.001,504,102.0,0.005319627874996513,-8.14315311
55,0.6281521641740612,930,51816,-0.090804614,151776,0.001,508,102.0,0.003402387884824409,-8.11219818
55,0.6366744298560947,937,52224,-0.08101579,152184,0.001,512,102.0,0.003616494348035285,-8.108710160000001
55,0.6066308541625154,944,52632,-0.11769653,152592,0.001,516,102.0,0.004082344554869148,-8.102516889999999
55,0.6233938161064597,952,53040,-0.08047399,153000,0.001,520,102.0,0.0034659932014833696,-8.07549424
55,0.6353487442521488,959,53448,-0.09010799,153408,0.001,524,102.0,0.0038665228428583884,-8.055739070000001
55,0.609893807593514,966,53856,-0.10468489,153816,0.001,528,102.0,0.0036253267008920804,-8.056576369999998
55,0.6493634791935191,973,54264,-0.1072511,154224,0.001,532,102.0,0.004307384478320897,-8.054221440000001
55,0.6132696200819576,980,54672,-0.054669145,154632,0.001,536,102.0,0.003826672342256643,-8.051626449999999
55,0.6184338313691756,987,55080,-0.06632879,155040,0.001,540,102.0,0.003680943361912653,-8.03194073
55,0.6161533781126434,995,55488,-0.09665646,155448,0.001,544,102.0,0.0030376948804284134,-8.021137470000001
55,0.5818461203107647,1002,55896,-0.060340825,155856,0.001,548,102.0,0.0024588247270359857,-7.987847740000002
55,0.603046575013329,1009,56304,-0.09059803,156264,0.001,552,102.0,0.002523392658879268,-7.98300946
55,0.5734573719548244,1016,56712,-0.092286415,156672,0.001,556,102.0,0.003143344861432435,-7.981500469999999
55,0.5881218653099209,1023,57120,-0.105211586,157080,0.001,560,102.0,0.0031493918373313385,-7.967591770000001
55,0.5641469955444336,1030,57528,-0.061926268,157488,0.001,564,102.0,0.003578644442741814,-7.981911320000002
55,0.5779544401402567,1037,57936,-0.06101361,157896,0.001,568,102.0,0.0034147322362781886,-8.001056340000002
55,0.6018888003685895,1045,58344,-0.10370594,158304,0.001,572,102.0,0.003057921322704037,-7.994483680000001
55,0.5690933787355236,1052,58752,-0.07043871,158712,0.001,576,102.0,0.002595595010515193,-7.978977050000002
55,0.5943367896126766,1059,59160,-0.09860069,159120,0.001,580,102.0,0.0032900064280850117,-7.976771409999999
55,0.5691975816792133,1066,59568,-0.06221783,159528,0.001,584,102.0,0.0032806133539826773,-7.95606198
55,0.5587101555338093,1073,59976,-0.08515865,159936,0.001,588,102.0,0.0027480965500752278,-7.93102059
55,0.6029890150416131,1080,60384,-0.13003202,160344,0.001,592,102.0,0.0027780249348485515,-7.95785784
55,0.5894318521022797,1087,60792,-0.12676537,160752,0.001,596,102.0,0.0027821803286867948,-7.95313894
55,0.6111280871372596,1095,61200,-0.08410689,161160,0.001,600,102.0,0.003713798060940177,-7.948860569999998
55,0.602570995980618,1102,61608,-0.11393277,161568,0.001,604,102.0,0.00402915847656664,-7.980932979999999
55,0.5644530881853664,1109,62016,-0.058141753,161976,0.001,608,102.0,0.0023965425772236332,-7.9960340599999995
55,0.5804415169884177,1116,62424,-0.07104306,162384,0.001,612,102.0,0.0030048771832120037,-8.004050789999999
55,0.5981968273134792,1123,62832,-0.097654946,162792,0.001,616,102.0,0.003435856663831966,-8.008443859999998
55,0.5587243513733733,1130,63240,-0.04330943,163200,0.001,620,102.0,0.002977918704524271,-8.016365169999998
55,0.5742895246720782,1138,63648,-0.10453421,163608,0.001,624,102.0,0.0026097689331828744,-8.02441737
55,0.5960153125080407,1145,64056,-0.102208875,164016,0.001,628,102.0,0.003163590538486674,-8.07423143
55,0.5624023056497761,1152,64464,-0.063567884,164424,0.001,632,102.0,0.0032022024759356224,-8.101592140000001
55,0.5457006885724909,1159,64872,-0.091624506,164832,0.001,636,102.0,0.002361358286625724,-8.08409698
55,0.557038232976315,1166,65280,-0.07070328,165240,0.001,640,102.0,0.0030539997416210597,-8.08821704
55,0.5554462980990317,1173,65688,-0.08276114,165648,0.001,644,102.0,0.002441651381291997,-8.10518281
55,0.5436969902001175,1180,66096,-0.10229404,166056,0.001,648,102.0,0.002198579465780937,-8.1206105
55,0.5626890110034569,1188,66504,-0.070497334,166464,0.001,652,102.0,0.0035911187154067424,-8.10565994
55,0.5427543094345167,1195,66912,-0.0737118,166872,0.001,656,102.0,0.002448932385282116,-8.098550970000002
55,0.567407301827973,1202,67320,-0.049524408,167280,0.001,660,102.0,0.0032968636597598007,-8.08329273
55,0.5562323705822814,1209,67728,-0.06921069,167688,0.001,664,102.0,0.0028170115769813385,-8.07007155
56,0.5598381068192276,1216,68136,-0.085931815,168096,0.001,668,102.0,0.0023173266164638905,-8.095581799999998
56,0.5602363003235237,1223,68544,-0.06651039,168504,0.001,672,102.0,0.0022000127863458486,-8.07680404
56,0.5131877526348713,1230,68952,-0.07206272,168912,0.001,676,102.0,0.0024110998752339763,-8.08881222
56,0.5428336028959236,1238,69360,-0.08130436,169320,0.001,680,102.0,0.0024710590060909882,-8.05191971
56,0.5477431883998946,1245,69768,-0.097610444,169728,0.001,684,102.0,0.0029542228188730924,-8.076458800000001
56,0.5354630923738667,1252,70176,-0.054803442,170136,0.001,688,102.0,0.002240699783535948,-8.05204097
56,0.5250695114042244,1259,70584,-0.11148671,170544,0.001,692,102.0,0.0025763032888290564,-8.03988371
56,0.541469450674805,1266,70992,-0.07825759,170952,0.001,696,102.0,0.002392712843549602,-8.01372582
56,0.5191452766166014,1273,71400,-0.08185113,171360,0.001,700,102.0,0.0025386464666214536,-8.058832130000003
56,0.5459922002811058,1280,71808,-0.055203672,171768,0.001,704,102.0,0.002279042710856005,-8.028154630000001
56,0.5325734194587258,1288,72216,-0.09798677,172176,0.001,708,102.0,0.002196606065148908,-8.033444150000001
56,0.5485272839957592,1295,72624,-0.067784,172584,0.001,712,102.0,0.002404782218874578,-8.04264997
56,0.5171979245017556,1302,73032,-0.0642898,172992,0.001,716,102.0,0.002502737512901042,-8.02120762
56,0.4981926603644502,1309,73440,-0.08402494,173400,0.001,720,102.0,0.002435649888973464,-8.066509060000001
56,0.528564557725308,1316,73848,-0.07769548,173808,0.001,724,102.0,0.0019295902063330525,-8.0721375
56,0.5081245998541514,1323,74256,-0.08767958,174216,0.001,728,102.0,0.0019870059588677526,-8.04538844
56,0.5041904694893781,1330,74664,-0.109591044,174624,0.001,732,102.0,0.002389445372482798,-8.005604470000002
56,0.5095417856001386,1338,75072,-0.059621286,175032,0.001,736,102.0,0.0022465339274026965,-8.01818741
56,0.5153556954042584,1345,75480,-0.095726386,175440,0.001,740,102.0,0.002035521401672204,-8.028930390000001
56,0.5213115197770736,1352,75888,-0.05737608,175848,0.001,744,102.0,0.0025460794941846317,-8.01663643
56,0.4996648816501393,1359,76296,-0.09137616,176256,0.001,748,102.0,0.002686208455855319,-8.027142049999998
56,0.510413902647355,1366,76704,-0.07989976,176664,0.001,752,102.0,0.002185952948410904,-8.06002317
56,0.514200397566253,1373,77112,-0.066591315,177072,0.001,756,102.0,0.002979072278785501,-8.05696434
56,0.4945787226452547,1380,77520,-0.08648129,177480,0.001,760,102.0,0.002248097219682463,-8.026591660000001
56,0.46875709908850055,1388,77928,-0.04764712,177888,0.001,764,102.0,0.0026565241880199012,-7.9989715000000015
56,0.5051528805611181,1395,78336,-0.08533069,178296,0.001,768,102.0,0.002168595940376833,-7.956605679999999
56,0.49091746555823906,1402,78744,-0.074417986,178704,0.001,772,102.0,0.0028859275431993106,-7.9750621
56,0.5157768577337265,1409,79152,-0.10732133,179112,0.001,776,102.0,0.002118659256809099,-7.959261709999998
56,0.48785386190694924,1416,79560,-0.08191282,179520,0.001,780,102.0,0.0028657349421158797,-7.944257739999999
56,0.5014771188006681,1423,79968,-0.0792697,179928,0.001,784,102.0,0.0019050873396575779,-7.933621779999998
56,0.5061132341038947,1431,80376,-0.08226043,180336,0.001,788,102.0,0.002052422545567228,-7.943235720000001
56,0.4781600041132347,1438,80784,-0.08266232,180744,0.001,792,102.0,0.002376023028274158,-7.917776919999999
56,0.4946039196322946,1445,81192,-0.10402229,181152,0.001,796,102.0,0.002330241068443238,-7.9408378
56,0.48727807928534117,1452,81600,-0.12347341,181560,0.001,800,102.0,0.0017594839190874778,-7.907507019999998
56,0.5043477953649035,1459,82008,-0.08039002,181968,0.001,804,102.0,0.0019301041825469036,-7.903560150000001
56,0.49134064129754607,1466,82416,-0.083978355,182376,0.001,808,102.0,0.002381991332810025,-7.90384444
56,0.4797775295435214,1473,82824,-0.06992055,182784,0.001,812,102.0,0.0021499427139311665,-7.89726826
56,0.4903932403700024,1481,83232,-0.039255496,183192,0.001,816,102.0,0.002386227141673147,-7.959469840000001
56,0.5186651208821464,1488,83640,-0.07502405,183600,0.001,820,102.0,0.0017915252298253642,-7.90106063
56,0.47635817352463217,1495,84048,-0.07487015,184008,0.001,824,102.0,0.0026468785677114318,-7.8841431
56,0.47878577194961847,1502,84456,-0.0554658,184416,0.001,828,102.0,0.002155883235151551,-7.896159900000002
56,0.48085231699195563,1509,84864,-0.061041012,184824,0.001,832,102.0,0.0016220995318030427,-7.94166962
56,0.5072345511586058,1516,85272,-0.09459546,185232,0.001,836,102.0,0.0019716780570531996,-7.906088969999998
56,0.47461240022790196,1523,85680,-0.08934758,185640,0.001,840,102.0,0.002120243536089273,-7.89718653
56,0.5133917016141555,1530,86088,-0.11852035,186048,0.001,844,102.0,0.0024703863155617215,-7.918339019999999
56,0.47328436257792456,1538,86496,-0.08815232,186456,0.001,848,102.0,0.0018931495641499722,-7.914860009999999
56,0.45442356169223785,1545,86904,-0.10255328,186864,0.001,852,102.0,0.0019533991121445035,-7.870345459999999
56,0.47284863801563487,1552,87312,-0.09263879,187272,0.001,856,102.0,0.0024199106962495376,-7.861793220000001
56,0.45930757271308525,1559,87720,-0.10288746,187680,0.001,860,102.0,0.0021913988982537286,-7.894631750000001
56,0.4647306794045018,1566,88128,-0.11470972,188088,0.001,864,102.0,0.0024839902585417984,-7.921680339999999
56,0.45371472134309654,1573,88536,-0.07174265,188496,0.001,868,102.0,0.0014998050561795633,-7.95221993
56,0.45134864163165,1580,88944,-0.07534067,188904,0.001,872,102.0,0.0018571752928740655,-7.92303541
56,0.4830673973934323,1588,89352,-0.07838511,189312,0.001,876,102.0,0.002221618630916483,-7.947658749999999
56,0.46738533617234695,1595,89760,-0.12548214,189720,0.001,880,102.0,0.0016503582319630512,-7.97708963
56,0.45592744502366755,1602,90168,-0.11674635,190128,0.001,884,102.0,0.0020868396409330706,-7.97631957
56,0.45720698523755166,1609,90576,-0.071110256,190536,0.001,888,102.0,0.0020316519138777593,-8.01080008
56,0.44349007863624423,1616,90984,-0.05666753,190944,0.001,892,102.0,0.0018781994437506678,-8.01587423
56,0.42563234415708806,1623,91392,-0.062411766,191352,0.001,896,102.0,0.001886435380369863,-8.036469190000002
56,0.48190244360297335,1631,91800,-0.07436414,191760,0.001,900,102.0,0.0018812932193053283,-8.04224192
56,0.4954322325248344,1638,92208,-0.07482887,192168,0.001,904,102.0,0.0031552572332906956,-8.055044319999999
56,0.44572139487547036,1645,92616,-0.08069168,192576,0.001,908,102.0,0.0014609995508662371,-8.05710304
56,0.4439523801499722,1652,93024,-0.10440398,192984,0.001,912,102.0,0.001690596219679505,-8.04564762
56,0.4725499974161971,1659,93432,-0.10208808,193392,0.001,916,102.0,0.0017822127165523923,-8.02257535
56,0.4722731490345562,1666,93840,-0.08089528,193800,0.001,920,102.0,0.0020099983464437992,-8.05658772
56,0.47819144001194075,1673,94248,-0.123867184,194208,0.001,924,102.0,0.0018007230965475388,-8.07504913
56,0.45661430469914976,1681,94656,-0.073989645,194616,0.001,928,102.0,0.0015244539758628782,-8.04390148
56,0.4656918942928314,1688,95064,-0.09549911,195024,0.001,932,102.0,0.0018760401241403695,-7.99987558
56,0.4580450826415829,1695,95472,-0.060392812,195432,0.001,936,102.0,0.0017608525531078853,-8.00416741
56,0.4504743314841214,1702,95880,-0.09014406,195840,0.001,940,102.0,0.0016956648814455404,-8.028470700000002
56,0.4820697897789525,1709,96288,-0.0926717,196248,0.001,944,102.0,0.001730574426747968,-7.974869410000001
56,0.4482837155753491,1716,96696,-0.07958303,196656,0.001,948,102.0,0.0018341980338685542,-7.9489378199999985
56,0.4922657272979325,1723,97104,-0.08786822,197064,0.001,952,102.0,0.001714331952183891,-7.94560791
56,0.4758148903355879,1730,97512,-0.06625991,197472,0.001,956,102.0,0.0015002625455678093,-7.93603259
56,0.46282894062060936,1738,97920,-0.093498856,197880,0.001,960,102.0,0.0014851304517565843,-7.927246360000001
56,0.46363572367266115,1745,98328,-0.075110264,198288,0.001,964,102.0,0.0016462558206494934,-7.942530360000001
56,0.4468790403768128,1752,98736,-0.08781214,198696,0.001,968,102.0,0.0017626052248684288,-7.9236344999999995
56,0.4545268381343168,1759,99144,-0.062245477,199104,0.001,972,102.0,0.0018761282325630972,-7.94228644
56,0.44449279822555243,1766,99552,-0.053176675,199512,0.001,976,102.0,0.002607889384985445,-7.916830249999999
56,0.4427768465350656,1773,99960,-0.07667876,199920,0.001,980,102.0,0.0019579504500428562,-7.898186699999999
56,0.4738301655241087,1781,100368,-0.06834872,200328,0.001,984,102.0,0.0022438111259629402,-7.867841599999999
56,0.456950573944578,1788,100776,-0.07006927,200736,0.001,988,102.0,0.001668848944474103,-7.82940721
56,0.4498016910225737,1795,101184,-0.044201702,201144,0.001,992,102.0,0.0017962676253827179,-7.85311826
56,0.42861175800071044,1802,101592,-0.09676628,201552,0.001,996,102.0,0.001459703046837639,-7.81223531
56,0.47208915271011054,1809,102000,-0.086768866,201960,0.001,1000,102.0,0.002481800176182707,-7.804468179999999
56,0.4733029346840054,1817,102408,-0.15166493,202368,0.001,1004,102.0,0.0021943397062154963,-7.78373358
56,0.43652471227973116,1824,102816,-0.0398582,202776,0.001,1008,102.0,0.0021787425086550486,-7.765317479999998
56,0.44890909364410475,1832,103224,-0.09065797,203184,0.001,1012,102.0,0.0023114748088547085,-7.77417658
56,0.4569995935056724,1840,103632,-0.09265627,203592,0.001,1016,102.0,0.0018399044214782085,-7.763058040000001
56,0.4282575594443901,1848,104040,-0.052687958,204000,0.001,1020,102.0,0.0015391809158209785,-7.7421706200000004
56,0.4364904749627207,1855,104448,-0.11207345,204408,0.001,1024,102.0,0.00243216650315113,-7.7332055
56,0.45836853338222877,1863,104856,-0.091849804,204816,0.001,1028,102.0,0.001972197316468273,-7.731168500000001
56,0.40604877910193277,1870,105264,-0.10776496,205224,0.001,1032,102.0,0.0013277153866867737,-7.752171350000001
56,0.4217604267246583,1879,105672,-0.10845466,205632,0.001,1036,102.0,0.0015270420434021885,-7.780666200000001
56,0.4539942124895021,1886,106080,-0.06095266,206040,0.001,1040,102.0,0.0018213803548361267,-7.7569417099999995
56,0.43520232129330727,1894,106488,-0.075612,206448,0.001,1044,102.0,0.002201249740798684,-7.801087040000001
56,0.4795782250516555,1901,106896,-0.08203551,206856,0.001,1048,102.0,0.0015783175608079297,-7.81203344
56,0.47577009598414105,1909,107304,-0.09387302,207264,0.001,1052,102.0,0.002106189439027552,-7.8273918600000005
56,0.4556428871902765,1917,107712,-0.07783124,207672,0.001,1056,102.0,0.0016965644448931677,-7.85646101
56,0.45204902980841843,1924,108120,-0.08654285,208080,0.001,1060,102.0,0.0017491967443550261,-7.829281400000001
56,0.47493483622868854,1932,108528,-0.095479466,208488,0.001,1064,102.0,0.0018938950299486226,-7.796240070000001
56,0.42981967096235235,1939,108936,-0.061444316,208896,0.001,1068,102.0,0.0018521847349463724,-7.769712649999999
56,0.43224957380809037,1947,109344,-0.105211645,209304,0.001,1072,102.0,0.0022795048106333936,-7.784807649999999
56,0.43998852868874866,1955,109752,-0.069569685,209712,0.001,1076,102.0,0.0018571601985433303,-7.8013015700000015
55,0.44053098150328096,1968,110160,-0.0663383,210120,0.001,1080,102.0,0.0018302371463505551,-7.803937720000001
55,0.45011083840155136,1976,110568,-0.07665174,210528,0.001,1084,102.0,0.001963418956923609,-7.84278913
55,0.4453122878775877,1983,110976,-0.09260286,210936,0.001,1088,102.0,0.0015492644880021758,-7.850192260000001
55,0.4443623920281728,1992,111384,-0.08196779,211344,0.001,1092,102.0,0.0016495575999964356,-7.809285699999999
55,0.4327522720776352,1999,111792,-0.09061811,211752,0.001,1096,102.0,0.0017594524197549761,-7.800511610000001
55,0.4216265389147927,2007,112200,-0.049613908,212160,0.001,1100,102.0,0.0017340590744496177,-7.80718613
55,0.45559703953125896,2014,112608,-0.05155051,212568,0.001,1104,102.0,0.0016494687869471462,-7.85001137
55,0.4342696739762437,2022,113016,-0.07688756,212976,0.001,1108,102.0,0.001602665989433744,-7.8727369299999985
55,0.4348561024548961,2030,113424,-0.096337855,213384,0.001,1112,102.0,0.0013772938033855776,-7.861398300000001
55,0.4265037871458951,2037,113832,-0.07770195,213792,0.001,1116,102.0,0.0018245449582715153,-7.84770169
55,0.4224957779926412,2044,114240,-0.07034006,214200,0.001,1120,102.0,0.001490474941937125,-7.861394709999998
55,0.4545189346752915,2052,114648,-0.058534093,214608,0.001,1124,102.0,0.0016566257997742378,-7.876879019999998
55,0.44390370536084267,2059,115056,-0.06833109,215016,0.001,1128,102.0,0.0018486815476767243,-7.860861609999998
55,0.43946627483648415,2066,115464,-0.12008435,215424,0.001,1132,102.0,0.001683653961877366,-7.8863403299999995
55,0.4532635664823009,2073,115872,-0.08095956,215832,0.001,1136,102.0,0.0017614904591384546,-7.85221327
55,0.4646594565288693,2081,116280,-0.10507379,216240,0.001,1140,102.0,0.0017536569163591291,-7.85372674
55,0.4463631688964133,2088,116688,-0.05521999,216648,0.001,1144,102.0,0.001766215007199778,-7.832994910000001
55,0.43125610608680576,2095,117096,-0.08401044,217056,0.001,1148,102.0,0.0015252797522550157,-7.840119529999998
55,0.41563279342417625,2102,117504,-0.046887293,217464,0.001,1152,102.0,0.001661445163407217,-7.8613588100000005
55,0.41180549795721094,2110,117912,-0.11361021,217872,0.001,1156,102.0,0.0016977137868297194,-7.853331069999999
55,0.4664664537298913,2117,118320,-0.093162104,218280,0.001,1160,102.0,0.0022387889866698897,-7.8960371600000006
55,0.4326991386273328,2124,118728,-0.068255715,218688,0.001,1164,102.0,0.0018436411120609252,-7.927648079999999
55,0.45123545387211966,2131,119136,-0.08420657,219096,0.001,1168,102.0,0.001815058287106427,-7.924134309999999
55,0.41235868778883245,2138,119544,-0.061814576,219504,0.001,1172,102.0,0.0013861205790068627,-7.919033330000001
55,0.4418155717499116,2146,119952,-0.10554843,219912,0.001,1176,102.0,0.001624022303040678,-7.92129648
55,0.44078584833472384,2153,120360,-0.11274212,220320,0.001,1180,102.0,0.001750612592064392,-7.922323010000001
55,0.42379257053721187,2160,120768,-0.06686072,220728,0.001,1184,102.0,0.002050225534784498,-7.930113169999999
55,0.404213605558171,2167,121176,-0.06418411,221136,0.001,1188,102.0,0.001634247500310177,-7.91905745
55,0.4304957544686748,2174,121584,-0.075173154,221544,0.001,1192,102.0,0.001510222124017994,-7.942301029999999
55,0.4517131538367739,2182,121992,-0.08658192,221952,0.001,1196,102.0,0.0014927966577827237,-7.932354550000001
55,0.4197472091398987,2189,122400,-0.05650408,222360,0.001,1200,102.0,0.0016410728767012044,-7.93960828
55,0.43968210150213805,2196,122808,-0.1087436,222768,0.001,1204,102.0,0.0024066358529643028,-7.922923389999999
55,0.4259900269555111,2203,123216,-0.09509041,223176,0.001,1208,102.0,0.0016480426240698708,-7.8986468
55,0.4538991498012169,2210,123624,-0.12577409,223584,0.001,1212,102.0,0.0017015011618758424,-7.911600279999999
55,0.43691785282948437,2218,124032,-0.085257575,223992,0.001,1216,102.0,0.0016033916552117386,-7.860433359999999
55,0.42940864551301094,2225,124440,-0.0961206,224400,0.001,1220,102.0,0.0014690085873892303,-7.84326831
55,0.4085989793141683,2232,124848,-0.063114546,224808,0.001,1224,102.0,0.0016564270923731337,-7.8445243300000005
55,0.4025181786102407,2239,125256,-0.06884854,225216,0.001,1228,102.0,0.001999409046987364,-7.87690566
55,0.41893716682406035,2246,125664,-0.068084545,225624,0.001,1232,102.0,0.0018300243785180261,-7.860627429999999
55,0.4371764411528905,2254,126072,-0.09150795,226032,0.001,1236,102.0,0.0016842375660096021,-7.8686935899999995
55,0.44808632398352904,2261,126480,-0.064184435,226440,0.001,1240,102.0,0.00150474445927459,-7.880406169999999
55,0.439047013427697,2268,126888,-0.06649464,226848,0.001,1244,102.0,0.0016856774524842645,-7.879508739999999
55,0.43711353575482087,2275,127296,-0.100260094,227256,0.001,1248,102.0,0.00180002627666017,-7.902440619999998
55,0.46731507427552166,2282,127704,-0.10915737,227664,0.001,1252,102.0,0.0015800387295266595,-7.89399253
55,0.43654561042785645,2289,128112,-0.098411866,228072,0.001,1256,102.0,0.0016786348926104313,-7.9060384
55,0.44661637760844886,2297,128520,-0.07044295,228480,0.001,1260,102.0,0.0014249787124629388,-7.85964507
55,0.43848801827898215,2304,128928,-0.06416892,228888,0.001,1264,102.0,0.0017566860126452429,-7.845769650000001
55,0.4265707646514855,2311,129336,-0.07732241,229296,0.001,1268,102.0,0.0014322052459237074,-7.886733330000001
55,0.434632527477601,2318,129744,-0.07559511,229704,0.001,1272,102.0,0.0016158544291529858,-7.88016836
55,0.4203687029726365,2325,130152,-0.07836378,230112,0.001,1276,102.0,0.002135855930842523,-7.88440253
55,0.4633154354843439,2332,130560,-0.104762696,230520,0.001,1280,102.0,0.0015943506082026835,-7.8893725
55,0.41669459611761805,2340,130968,-0.06651037,230928,0.001,1284,102.0,0.0016498087573506614,-7.91205648
55,0.4461355688525181,2347,131376,-0.079849325,231336,0.001,1288,102.0,0.0022272284781245295,-7.963054500000001
55,0.4218270588739246,2354,131784,-0.10268609,231744,0.001,1292,102.0,0.001327453432239446,-7.9907486400000005
55,0.4375735454115213,2361,132192,-0.066684455,232152,0.001,1296,102.0,0.0014840850491572044,-8.03366212
55,0.45565732290931776,2368,132600,-0.09772652,232560,0.001,1300,102.0,0.0020948631873562037,-7.9890599700000005
55,0.42233938986764236,2375,133008,-0.060846843,232968,0.001,1304,102.0,0.0019196149283636581,-7.9946243699999995
55,0.44808344805941863,2382,133416,-0.09649381,233376,0.001,1308,102.0,0.0016165890881572576,-8.01512263
55,0.4292734016974767,2390,133824,-0.05420413,233784,0.001,1312,102.0,0.0016299210535590629,-8.008344580000001
55,0.42775050097820805,2397,134232,-0.07174839,234192,0.001,1316,102.0,0.0013135111866194719,-8.06177987
55,0.4211786544206096,2404,134640,-0.056825064,234600,0.001,1320,102.0,0.0016861921184874304,-8.09652103
55,0.4139777620633443,2411,135048,-0.0872957,235008,0.001,1324,102.0,0.0014805799135715729,-8.090963430000002
56,0.44498830361693514,2418,135456,-0.04929272,235416,0.001,1328,102.0,0.001417037859866076,-8.04964188
56,0.42249655782007706,2425,135864,-0.10659954,235824,0.001,1332,102.0,0.002083824643598157,-8.025276999999999
56,0.4352827767531077,2433,136272,-0.07003237,236232,0.001,1336,102.0,0.0018188395519174781,-8.03960952
56,0.43967070503562106,2440,136680,-0.090374984,236640,0.001,1340,102.0,0.0017218722665954072,-8.04318423
56,0.410351582309779,2447,137088,-0.0868483,237048,0.001,1344,102.0,0.0014619797637387105,-8.062498729999998
56,0.4394756403623843,2454,137496,-0.093761005,237456,0.001,1348,102.0,0.0013695817011894712,-8.027829979999998
56,0.42188966917056664,2461,137904,-0.108981244,237864,0.001,1352,102.0,0.0028519325877663076,-8.04787025
56,0.41211140886241315,2468,138312,-0.13469078,238272,0.001,1356,102.0,0.0017618268821559683,-8.03769199
56,0.40019572949876975,2475,138720,-0.066883676,238680,0.001,1360,102.0,0.0017739142369428724,-8.04783872
56,0.4299682206382938,2483,139128,-0.09103766,239088,0.001,1364,102.0,0.0022959744303222454,-8.018834759999999
56,0.43210163639456617,2490,139536,-0.07592032,239496,0.001,1368,102.0,0.0019312166342370248,-7.9955430399999985
56,0.41977690364800246,2497,139944,-0.0743799,239904,0.001,1372,102.0,0.001583272500497782,-7.965568729999998
56,0.43937594545822517,2504,140352,-0.11178858,240312,0.001,1376,102.0,0.0018703440023362455,-7.94575235
56,0.43602441192841995,2511,140760,-0.053904317,240720,0.001,1380,102.0,0.0016428323319368978,-7.9497617
56,0.4164491722396776,2518,141168,-0.0709577,241128,0.001,1384,102.0,0.0013934506436378475,-7.887474930000001
56,0.4709552292730294,2525,141576,-0.077825926,241536,0.001,1388,102.0,0.0014443783482990921,-7.83546816
56,0.44119823972384137,2533,141984,-0.053273544,241944,0.001,1392,102.0,0.0018775575861617849,-7.817749379999999
56,0.43621063758345213,2540,142392,-0.04468925,242352,0.001,1396,102.0,0.0013582636753448705,-7.79494647
56,0.4296240721847497,2547,142800,-0.07009388,242760,0.001,1400,102.0,0.001580271140447425,-7.812684619999999
56,0.4112441904988943,2554,143208,-0.033201758,243168,0.001,1404,102.0,0.0014965340715385608,-7.793574769999999
56,0.4319917816741794,2561,143616,-0.05304811,243576,0.001,1408,102.0,0.001271606983566159,-7.78812094
56,0.4397480747863358,2569,144024,-0.09220187,243984,0.001,1412,102.0,0.0016775582206558764,-7.78530983
56,0.4391550351591671,2576,144432,-0.08982011,244392,0.001,1416,102.0,0.0018216111560582695,-7.765798090000001
56,0.45008715987205505,2583,144840,-0.08171266,244800,0.001,1420,102.0,0.0020894793706247583,-7.730395039999999
56,0.4206940596010171,2591,145248,-0.09112217,245208,0.001,1424,102.0,0.0016713968541486846,-7.72030206
56,0.3970126538884406,2598,145656,-0.056666374,245616,0.001,1428,102.0,0.0014504629784199757,-7.727340869999998
56,0.4271744071852927,2605,146064,-0.06069907,246024,0.001,1432,102.0,0.0015184101257724322,-7.71773222
56,0.389407376740493,2613,146472,-0.08595494,246432,0.001,1436,102.0,0.0013900332289232015,-7.762536690000001
56,0.41641202422918056,2620,146880,-0.029513132,246840,0.001,1440,102.0,0.0016045489293687483,-7.788389480000001
56,0.4093468776520561,2627,147288,-0.07637873,247248,0.001,1444,102.0,0.001312803594034859,-7.7739379699999995
56,0.4279070858861886,2635,147696,-0.09233308,247656,0.001,1448,102.0,0.001600502337062019,-7.772090069999999
56,0.4338304077585538,2642,148104,-0.069951095,248064,0.001,1452,102.0,0.0017467885409132577,-7.7659931900000005
56,0.41711897592918545,2649,148512,-0.09260791,248472,0.001,1456,102.0,0.0015792958986233262,-7.74366382
56,0.4327123688132155,2657,148920,-0.072837,248880,0.001,1460,102.0,0.001873826242266588,-7.73995722
56,0.4304354389508565,2664,149328,-0.085703604,249288,0.001,1464,102.0,0.0017498486768625513,-7.756705940000002
56,0.42408086534808664,2671,149736,-0.09332893,249696,0.001,1468,102.0,0.0016552639497996436,-7.74938012
56,0.43185043042781307,2678,150144,-0.058312435,250104,0.001,1472,102.0,0.002097141560892958,-7.75809353
56,0.42017293531520694,2685,150552,-0.13707136,250512,0.001,1476,102.0,0.0017063682373868777,-7.765418870000001
56,0.41379302331045564,2693,150960,-0.12083494,250920,0.001,1480,102.0,0.0015535516325982433,-7.7552511399999995
56,0.41224315967045577,2700,151368,-0.09025363,251328,0.001,1484,102.0,0.001518013446555272,-7.806030820000001
56,0.42835557402348984,2707,151776,-0.060200263,251736,0.001,1488,102.0,0.0019576176735640995,-7.82404693
56,0.4166392009047901,2714,152184,-0.122628555,252144,0.001,1492,102.0,0.0018170476182336535,-7.80701867
56,0.41614289873955296,2721,152592,-0.07999777,252552,0.001,1496,102.0,0.001436876560083143,-7.80263325
56,0.3989759110936932,2729,153000,-0.043536488,252960,0.001,1500,102.0,0.0017189966947982755,-7.78659879
56,0.4230060767309338,2736,153408,-0.06787794,253368,0.001,1504,102.0,0.0015325696458960154,-7.78579776
56,0.42356527231487573,2743,153816,-0.072834454,253776,0.001,1508,102.0,0.0017279020953448671,-7.79497139
56,0.41486912848902685,2751,154224,-0.07661679,254184,0.001,1512,102.0,0.0014630828290155122,-7.7755136600000005
56,0.4355004555454441,2758,154632,-0.061800204,254592,0.001,1516,102.0,0.00200238140407201,-7.80331142
56,0.3911095013221105,2766,155040,-0.0496069,255000,0.001,1520,102.0,0.0013609030219787896,-7.86155763
56,0.4285212883762285,2773,155448,-0.08192983,255408,0.001,1524,102.0,0.0014263408842916582,-7.890434409999999
56,0.4223366809241912,2780,155856,-0.06831992,255816,0.001,1528,102.0,0.0014329217852255347,-7.909532390000001
56,0.43639739296015573,2787,156264,-0.04480249,256224,0.001,1532,102.0,0.0016475795804153143,-7.924922629999998
56,0.4241677531424691,2795,156672,-0.08591216,256632,0.001,1536,102.0,0.0013579309383845504,-7.899950470000001
56,0.43711120942059684,2802,157080,-0.08080482,257040,0.001,1540,102.0,0.001866213156152334,-7.866265890000001
56,0.431422609908908,2809,157488,-0.077320635,257448,0.001,1544,102.0,0.0018000989072663965,-7.8667185900000005
56,0.4110426908614589,2816,157896,-0.07213586,257856,0.001,1548,102.0,0.0017491989158717094,-7.92245296
56,0.44074317024034615,2824,158304,-0.06659184,258264,0.001,1552,102.0,0.0016122255829566926,-7.89470911
56,0.44487906115896564,2831,158712,-0.06282736,258672,0.001,1556,102.0,0.0015681716861710062,-7.948707999999998
56,0.45755162133890037,2838,159120,-0.074340455,259080,0.001,1560,102.0,0.0015696253026630182,-7.9452633100000005
56,0.4339317854712991,2846,159528,-0.04287303,259488,0.001,1564,102.0,0.001705795917408906,-7.942059839999998
56,0.4262453174474193,2853,159936,-0.058051836,259896,0.001,1568,102.0,0.0022495745122832174,-7.9433732599999995
56,0.4151760924096201,2860,160344,-0.067388125,260304,0.001,1572,102.0,0.0015809795169808045,-7.94846635
56,0.4564356488340041,2868,160752,-0.11113681,260712,0.001,1576,102.0,0.001887638309306246,-7.93227263
56,0.4714667908116883,2875,161160,-0.08743241,261120,0.001,1580,102.0,0.0018450462136088924,-7.933126390000001
56,0.4274330875452827,2882,161568,-0.10173781,261528,0.001,1584,102.0,0.0013532215835213863,-7.90126122
56,0.419684045455035,2889,161976,-0.101544276,261936,0.001,1588,102.0,0.0013709736509447206,-7.90632312
56,0.4300685004860747,2897,162384,-0.061386216,262344,0.001,1592,102.0,0.0017137992527911112,-7.94714439
56,0.46256901294577357,2904,162792,-0.121105164,262752,0.001,1596,102.0,0.0015700031502752145,-7.970503540000001
56,0.4151918235070565,2911,163200,-0.09121497,263160,0.001,1600,102.0,0.00122339033031512,-7.99181939
56,0.42491809527079266,2919,163608,-0.061755095,263568,0.001,1604,102.0,0.0014609281290676353,-7.9764034200000005
56,0.4527273251145494,2926,164016,-0.07368668,263976,0.001,1608,102.0,0.00150114151662873,-7.957622869999999
56,0.4365232217253423,2934,164424,-0.049374413,264384,0.001,1612,102.0,0.001713944323116676,-7.995589140000001
56,0.4420349221019184,2941,164832,-0.08195284,264792,0.001,1616,102.0,0.0015520893092102865,-7.9800146399999985
56,0.41598981706535115,2948,165240,-0.08288207,265200,0.001,1620,102.0,0.0014895280787730408,-7.946534720000001
56,0.4424586094477597,2955,165648,-0.08394744,265608,0.001,1624,102.0,0.0015332579788781575,-7.9141238199999995
56,0.44616393920253306,2963,166056,-0.08639482,266016,0.001,1628,102.0,0.0017258049612043098,-7.922991069999999
56,0.42934369924021704,2970,166464,-0.06685381,266424,0.001,1632,102.0,0.0013343152009731379,-7.912287709999999
56,0.4384101974029167,2977,166872,-0.057450444,266832,0.001,1636,102.0,0.0015483072302053117,-7.873051029999999
56,0.4238655909019358,2985,167280,-0.040280204,267240,0.001,1640,102.0,0.0019347796307342565,-7.87317088
56,0.4302648227004444,2992,167688,-0.077064805,267648,0.001,1644,102.0,0.0014557533133626624,-7.87065016
56,0.43733371502044155,2999,168096,-0.104499176,268056,0.001,1648,102.0,0.0013975899664550454,-7.83787056
56,0.4456346338870479,3006,168504,-0.065020755,268464,0.001,1652,102.0,0.001507680180771322,-7.84969685
56,0.4296346774288252,3014,168912,-0.0596948,268872,0.001,1656,102.0,0.001907384845824209,-7.80183039
56,0.4254339506813124,3021,169320,-0.059051055,269280,0.001,1660,102.0,0.0014223056242175802,-7.838522860000001
56,0.4301466509407642,3028,169728,-0.06993276,269688,0.001,1664,102.0,0.0018275391477943106,-7.838165570000002
56,0.4544614410283519,3036,170136,-0.08011396,270096,0.001,1668,102.0,0.001678976705543213,-7.82615412
56,0.42819658535368305,3043,170544,-0.056587793,270504,0.001,1672,102.0,0.001975089096459651,-7.83787816
56,0.4269093234165042,3050,170952,-0.10165343,270912,0.001,1676,102.0,0.0015012862595362023,-7.844175970000001
56,0.4043334190751992,3058,171360,-0.07009204,271320,0.001,1680,102.0,0.0017287981660831743,-7.84173734
56,0.45238496567688735,3065,171768,-0.0910858,271728,0.001,1684,102.0,0.0016987868456293225,-7.837129559999999
56,0.4483231652308913,3072,172176,-0.08529193,272136,0.001,1688,102.0,0.0014437921388033668,-7.833345230000001
56,0.42837269341244416,3080,172584,-0.12490939,272544,0.001,1692,102.0,0.0014803141674230003,-7.788996410000001
56,0.4133736605153364,3087,172992,-0.070372656,272952,0.001,1696,102.0,0.0015504297117848753,-7.781893739999999
56,0.4284603139933418,3094,173400,-0.08076197,273360,0.001,1700,102.0,0.0016924543995307485,-7.7585327699999995
56,0.43320009200011983,3102,173808,-0.07312306,273768,0.001,1704,102.0,0.001566369937363026,-7.755024529999999
56,0.4256841160503088,3109,174216,-0.10829952,274176,0.001,1708,102.0,0.001453428436470145,-7.76566246
56,0.40565821908268274,3116,174624,-0.03797103,274584,0.001,1712,102.0,0.0014371738323140616,-7.757613630000001
56,0.4433264893059637,3123,175032,-0.06833118,274992,0.001,1716,102.0,0.001463621927256349,-7.74587479
56,0.4353383165948531,3131,175440,-0.08228124,275400,0.001,1720,102.0,0.0013996181608972086,-7.73474211
56,0.4251680917599622,3138,175848,-0.065396234,275808,0.001,1724,102.0,0.0020142273337399935,-7.733067749999999
56,0.4353428781032562,3145,176256,-0.082519196,276216,0.001,1728,102.0,0.001810510344512295,-7.72957752
56,0.4365581367530075,3152,176664,-0.12582423,276624,0.001,1732,102.0,0.0020122516788450965,-7.76283761
56,0.4348563481779659,3159,177072,-0.05168826,277032,0.001,1736,102.0,0.0016616874108520135,-7.804018300000001
56,0.4271438717842102,3167,177480,-0.06255928,277440,0.001,1740,102.0,0.0014502608601640746,-7.78019001
56,0.4196966357675253,3174,177888,-0.08733316,277848,0.001,1744,102.0,0.0016050993079118722,-7.791351939999999
56,0.4591512650835748,3181,178296,-0.12992959,278256,0.001,1748,102.0,0.002381513946103023,-7.81533916
56,0.4170714295377918,3188,178704,-0.06933516,278664,0.001,1752,102.0,0.0013813105644087545,-7.802406690000001
56,0.4485463105580386,3195,179112,-0.1040394,279072,0.001,1756,102.0,0.00163635925498823,-7.80296051
56,0.460030687790291,3203,179520,-0.101885535,279480,0.001,1760,102.0,0.001590502861825585,-7.7867485599999995
56,0.4515671145682241,3210,179928,-0.057271056,279888,0.001,1764,102.0,0.0016899183632203324,-7.79800159
56,0.4553098886036405,3217,180336,-0.094856806,280296,0.001,1768,102.0,0.0014699011667022098,-7.8298724800000015
56,0.447128225775326,3224,180744,-0.12033258,280704,0.001,1772,102.0,0.002334346257745946,-7.8009736799999985
56,0.4406788401743945,3232,181152,-0.059726086,281112,0.001,1776,102.0,0.001636624928733891,-7.8267709000000005
56,0.4501008137184031,3239,181560,-0.068183266,281520,0.001,1780,102.0,0.0013436440962786768,-7.84195249
56,0.428536494865137,3246,181968,-0.11260846,281928,0.001,1784,102.0,0.0011783167049311577,-7.84188042
56,0.48101338598073695,3253,182376,-0.08114572,282336,0.001,1788,102.0,0.0014660946811394144,-7.857099639999999
56,0.4166588762811586,3260,182784,-0.08782035,282744,0.001,1792,102.0,0.0013516286305864068,-7.853323210000001
56,0.42944138716248903,3267,183192,-0.07483409,283152,0.001,1796,102.0,0.0017013999711386586,-7.83034927
56,0.4578972724722881,3275,183600,-0.07336331,283560,0.001,1800,102.0,0.001595751033735224,-7.83686606
56,0.4235587333347283,3282,184008,-0.07301253,283968,0.001,1804,102.0,0.00151788162617652,-7.853220809999999
56,0.4421313974787207,3289,184416,-0.09287503,284376,0.001,1808,102.0,0.0025397564641738714,-7.858714420000001
56,0.42465586346738476,3296,184824,-0.09953643,284784,0.001,1812,102.0,0.0014303433643220284,-7.8351259099999995
56,0.43802276049174516,3303,185232,-0.08374162,285192,0.001,1816,102.0,0.0015450592147638364,-7.84428857
56,0.4082358771679448,3310,185640,-0.057012644,285600,0.001,1820,102.0,0.001385349786598418,-7.847865119999999
56,0.44743382667793946,3318,186048,-0.08744223,286008,0.001,1824,102.0,0.0022903329851996046,-7.9327058
56,0.4781971094655056,3325,186456,-0.080260925,286416,0.001,1828,102.0,0.0013146266956384496,-7.943655080000001
56,0.4487617091805327,3332,186864,-0.09355695,286824,0.001,1832,102.0,0.0012163187593436234,-7.91262458
56,0.448190370611116,3339,187272,-0.06822189,287232,0.001,1836,102.0,0.0017248402648107788,-7.905624409999999
56,0.43416331357815685,3346,187680,-0.09878338,287640,0.001,1840,102.0,0.0015272120438691904,-7.90344183
56,0.44626784149338217,3354,188088,-0.07361476,288048,0.001,1844,102.0,0.0017970122149278062,-7.893851639999999
56,0.42723559135315464,3361,188496,-0.0910945,288456,0.001,1848,102.0,0.0013866089354326273,-7.849516500000001
56,0.44597214518808853,3368,188904,-0.10227158,288864,0.001,1852,102.0,0.0015192462080591998,-7.9128161399999986
56,0.42129397626016657,3375,189312,-0.06254128,289272,0.001,1856,102.0,0.0016113621838717246,-7.976291729999999
56,0.4429958696458854,3382,189720,-0.069069736,289680,0.001,1860,102.0,0.0021135897239254716,-7.947785679999999
56,0.4355347425329919,3389,190128,-0.061880372,290088,0.001,1864,102.0,0.0015554754714043263,-7.961934029999998
56,0.4357488707584493,3397,190536,-0.036830913,290496,0.001,1868,102.0,0.0016662092508768717,-7.939779730000001
56,0.4058399726362789,3404,190944,-0.07824543,290904,0.001,1872,102.0,0.0016793494305959173,-7.939042270000001
56,0.4341812645103417,3411,191352,-0.058552634,291312,0.001,1876,102.0,0.0019197151140200302,-7.906270910000001
56,0.4662347617102604,3418,191760,-0.06208391,291720,0.001,1880,102.0,0.001993181881427482,-7.892992380000001
56,0.4469737603383906,3425,192168,-0.073215224,292128,0.001,1884,102.0,0.0014183027572774638,-7.9361964999999985
56,0.451792888489424,3432,192576,-0.09495095,292536,0.001,1888,102.0,0.001763071719466882,-7.94412638
56,0.44227369830888863,3440,192984,-0.074770115,292944,0.001,1892,102.0,0.0015472762104621449,-7.95718901
56,0.46256784510378746,3447,193392,-0.054066177,293352,0.001,1896,102.0,0.0017299000449152208,-7.972375830000001
56,0.44420425739942815,3454,193800,-0.06396392,293760,0.001,1900,102.0,0.00152770016889097,-7.99446384
56,0.4472578839928496,3461,194208,-0.09981323,294168,0.001,1904,102.0,0.0014684292999685138,-7.995807150000001
56,0.4215835572457781,3468,194616,-0.09402878,294576,0.001,1908,102.0,0.0013951272036031108,-7.971472169999999
56,0.46903833016461016,3476,195024,-0.08063798,294984,0.001,1912,102.0,0.0017213103127170482,-7.984151049999998
56,0.4402200378039304,3483,195432,-0.08432822,295392,0.001,1916,102.0,0.0012757404162816693,-7.994126410000002
56,0.45158153012687086,3490,195840,-0.114386275,295800,0.001,1920,102.0,0.0013893581404665705,-7.988901560000001
56,0.4594793687848484,3497,196248,-0.076334246,296208,0.001,1924,102.0,0.0017060028249569073,-7.919337610000001
56,0.43859419606479944,3504,196656,-0.08855807,296616,0.001,1928,102.0,0.0011843522394580457,-7.923668029999999
56,0.43070264423594756,3511,197064,-0.084934205,297024,0.001,1932,102.0,0.001417721702869041,-7.95513671
56,0.4549744719383763,3518,197472,-0.10808693,297432,0.001,1936,102.0,0.0015247551685509582,-7.9632454500000005
56,0.43149881152545705,3526,197880,-0.076866485,297840,0.001,1940,102.0,0.0014259774513501564,-8.0016823
56,0.4374624721559824,3533,198288,-0.06170932,298248,0.001,1944,102.0,0.0015087475566913637,-7.99623896
56,0.4347160896834205,3540,198696,-0.05351814,298656,0.001,1948,102.0,0.001547978865881519,-8.002562590000002
56,0.44128504044869366,3547,199104,-0.078724004,299064,0.001,1952,102.0,0.0016233469801840792,-7.946956570000001
56,0.44113411652106865,3554,199512,-0.059792027,299472,0.001,1956,102.0,0.0013018230136938155,-7.9495790799999995
56,0.42566589193016874,3561,199920,-0.073347494,299880,0.001,1960,102.0,0.0015778436189815264,-7.97889021
56,0.447163421441527,3569,200328,-0.09185832,300288,0.001,1964,102.0,0.00151524861169438,-7.968395099999999
56,0.47244981807820935,3576,200736,-0.075104006,300696,0.001,1968,102.0,0.0015837288790898324,-8.01905927
56,0.4504326114467546,3583,201144,-0.08830509,301104,0.001,1972,102.0,0.001484914036529303,-8.07286251
56,0.4175160509698531,3590,201552,-0.068003654,301512,0.001,1976,102.0,0.0020839052400939786,-8.11611995
56,0.4584589889820884,3597,201960,-0.0835283,301920,0.001,1980,102.0,0.0016193453812579095,-8.1130309
56,0.4290590148930456,3604,202368,-0.03796499,302328,0.001,1984,102.0,0.0015290964588262688,-8.106823630000001
56,0.42236516931477713,3611,202776,-0.096007764,302736,0.001,1988,102.0,0.0013209000582505455,-8.07017977
56,0.435350189314169,3619,203184,-0.057886425,303144,0.001,1992,102.0,0.0014792875433568935,-8.10384467
56,0.43742252857077357,3626,203592,-0.049075454,303552,0.001,1996,102.0,0.0014035216247030608,-8.1060146
56,0.46370633267888833,3633,204000,-0.09384418,303960,0.001,2000,102.0,0.0015186145224017273,-8.096077020000001
56,0.44789891792278663,3640,204408,-0.057202827,304368,0.001,2004,102.0,0.0014650460356029262,-8.09506542
56,0.40578508610818903,3647,204816,-0.0803454,304776,0.001,2008,102.0,0.0017458314058090123,-8.101005429999997
56,0.4412817760717635,3654,205224,-0.115496665,305184,0.001,2012,102.0,0.0013639572642597498,-8.11488838
56,0.4431679029675091,3662,205632,-0.07751578,305592,0.001,2016,102.0,0.0012931620825410767,-8.106621409999999
56,0.43301380118902993,3669,206040,-0.06499124,306000,0.001,2020,102.0,0.0014495380575467339,-8.090299940000001
56,0.4405786362933178,3676,206448,-0.06868098,306408,0.001,2024,102.0,0.0013853094407001183,-8.090736770000001
56,0.4243212576005973,3683,206856,-0.07856832,306816,0.001,2028,102.0,0.0013608387199187122,-8.07320586
56,0.412474895809211,3690,207264,-0.09893387,307224,0.001,2032,102.0,0.0013700677695405652,-8.019697189999999
56,0.44055674999367955,3697,207672,-0.06556937,307632,0.001,2036,102.0,0.0013549591141568003,-7.99461255
56,0.43433766622169345,3704,208080,-0.10546813,308040,0.001,2040,102.0,0.0013960363270883796,-7.970925700000001
56,0.44200261755316866,3712,208488,-0.07371476,308448,0.001,2044,102.0,0.001573488730868763,-7.97432575
56,0.4553789110744701,3719,208896,-0.08266476,308856,0.001,2048,102.0,0.0013046805555966463,-7.964744050000002
56,0.4244591400903814,3726,209304,-0.0986199,309264,0.001,2052,102.0,0.0012279096776824992,-7.965119420000001
56,0.4762050062417984,3733,209712,-0.116920106,309672,0.001,2056,102.0,0.0016761680850393924,-7.906981860000001
56,0.4174322687527713,3740,210120,-0.092796154,310080,0.001,2060,102.0,0.0014463750424100925,-7.911736049999999
56,0.44094405834581335,3747,210528,-0.045002133,310488,0.001,2064,102.0,0.0016851864419032947,-7.88007361
56,0.4386622709970848,3755,210936,-0.059786502,310896,0.001,2068,102.0,0.0025199071713038444,-7.819295080000001
56,0.45615681772138555,3762,211344,-0.09104867,311304,0.001,2072,102.0,0.0013873401511969574,-7.77266002
56,0.43634077293031354,3769,211752,-0.086978935,311712,0.001,2076,102.0,0.0014401076853163448,-7.731788489999999
56,0.413087598249024,3776,212160,-0.09655817,312120,0.001,2080,102.0,0.0012090023620996862,-7.7698398200000005
56,0.4159955794320387,3783,212568,-0.07463947,312528,0.001,2084,102.0,0.0013171424585629674,-7.759148530000001
56,0.45059216986684236,3790,212976,-0.05534793,312936,0.001,2088,102.0,0.002208595269692916,-7.767701489999999
56,0.4429772694905599,3798,213384,-0.109657906,313344,0.001,2092,102.0,0.0013256583991403436,-7.756745339999998
56,0.42301256063522075,3805,213792,-0.06659921,313752,0.001,2096,102.0,0.0015912738131637703,-7.80222832
56,0.4501279236054888,3812,214200,-0.114639446,314160,0.001,2100,102.0,0.001620946459725554,-7.805759429999999
56,0.47414882101264655,3819,214608,-0.07338946,314568,0.001,2104,102.0,0.0016084504818804015,-7.79730722
56,0.42806417904063765,3826,215016,-0.10428849,314976,0.001,2108,102.0,0.0027154496576044683,-7.815324800000001
56,0.4705330840512818,3833,215424,-0.11589395,315384,0.001,2112,102.0,0.0015249516853181571,-7.806189280000001
56,0.4308936268675561,3841,215832,-0.039825123,315792,0.001,2116,102.0,0.0015664928411270546,-7.81166982
56,0.43566299215251325,3848,216240,-0.06331367,316200,0.001,2120,102.0,0.0017553285861675464,-7.818359480000001
56,0.41559969940606284,3855,216648,-0.039460517,316608,0.001,2124,102.0,0.001866064239555842,-7.820937870000002
56,0.447109156963872,3862,217056,-0.06658695,317016,0.001,2128,102.0,0.001995201809811132,-7.799694390000001
56,0.4094403356898065,3869,217464,-0.07732309,317424,0.001,2132,102.0,0.0014276252906853973,-7.830493010000001
56,0.4176812510864407,3876,217872,-0.09002348,317832,0.001,2136,102.0,0.0012954560845494544,-7.822126040000001
56,0.43246594977145103,3884,218280,-0.10543141,318240,0.001,2140,102.0,0.0013658695286579256,-7.853660299999999
56,0.42953546608195586,3891,218688,-0.060298312,318648,0.001,2144,102.0,0.0012564221725173696,-7.8737744900000015
56,0.43012645080977796,3898,219096,-0.071172,319056,0.001,2148,102.0,0.0026701119177410947,-7.8870313
56,0.4388723887649237,3905,219504,-0.08089767,319464,0.001,2152,102.0,0.0013952794913932973,-7.8868446599999995
56,0.47683214761462867,3912,219912,-0.058300763,319872,0.001,2156,102.0,0.0015951654910596141,-7.873583850000001
56,0.44998811039270137,3919,220320,-0.071594305,320280,0.001,2160,102.0,0.0014090879275874399,-7.82970794
56,0.42235961322690924,3927,220728,-0.084166996,320688,0.001,2164,102.0,0.0013687030367174314,-7.8437803299999995
56,0.4097223977247874,3934,221136,-0.06829743,321096,0.001,2168,102.0,0.002037547068931756,-7.866248779999999
56,0.45865271634915294,3941,221544,-0.12793411,321504,0.001,2172,102.0,0.0015400000618184077,-7.90023037
56,0.39100806736478616,3948,221952,-0.046394654,321912,0.001,2176,102.0,0.0014594511406304425,-7.910383310000001
56,0.4319454904864816,3955,222360,-0.083122164,322320,0.001,2180,102.0,0.0017090958712038164,-7.87489421
56,0.4463094621896744,3962,222768,-0.081715554,322728,0.001,2184,102.0,0.001661561896873857,-7.846665780000002
56,0.4405706989414552,3970,223176,-0.060993023,323136,0.001,2188,102.0,0.0014359668446773226,-7.86617838
56,0.4346895454561009,3977,223584,-0.08321393,323544,0.001,2192,102.0,0.0016712023087380016,-7.83193259
56,0.4166712272985309,3984,223992,-0.052672572,323952,0.001,2196,102.0,0.0014852958506797259,-7.796378699999999
56,0.4800750309345769,3991,224400,-0.07625719,324360,0.001,2200,102.0,0.0016427562593747222,-7.792867739999999
56,0.43865113281736184,3998,224808,-0.07637959,324768,0.001,2204,102.0,0.002776204633775313,-7.814324579999999
56,0.44311317275552187,4005,225216,-0.08408015,325176,0.001,2208,102.0,0.0011862453070980515,-7.798404769999999
56,0.43776584781852423,4013,225624,-0.056203496,325584,0.001,2212,102.0,0.0014010777282665538,-7.796534489999998
56,0.4072166885815415,4020,226032,-0.09723709,325992,0.001,2216,102.0,0.0015189697670375964,-7.79278464
56,0.43846182671247746,4027,226440,-0.06964114,326400,0.001,2220,102.0,0.0018938616711096199,-7.778970080000001
56,0.48374468964688916,4034,226848,-0.075062774,326808,0.001,2224,102.0,0.0014821430622581758,-7.798482459999999
56,0.4601161906532213,4041,227256,-0.06416359,327216,0.001,2228,102.0,0.0014954407815821469,-7.81507091
56,0.4695852918952119,4048,227664,-0.05373096,327624,0.001,2232,102.0,0.001307733024969268,-7.83072759
56,0.4660276688781439,4056,228072,-0.08548186,328032,0.001,2236,102.0,0.002085830391996412,-7.8360397299999995
56,0.45667284610224707,4063,228480,-0.067845166,328440,0.001,2240,102.0,0.0012098021376432905,-7.8404160900000015
56,0.4469243083514419,4070,228888,-0.11179596,328848,0.001,2244,102.0,0.0016848762664035438,-7.815141239999999
56,0.4571630192153594,4077,229296,-0.076000325,329256,0.001,2248,102.0,0.001487693102663958,-7.83598765
56,0.45670227268162894,4084,229704,-0.053155974,329664,0.001,2252,102.0,0.0012925072867302316,-7.83020531
56,0.449444459641681,4091,230112,-0.1101506,330072,0.001,2256,102.0,0.0015589958961308916,-7.86349497
56,0.4500341979311962,4099,230520,-0.08939681,330480,0.001,2260,102.0,0.0013003196653181815,-7.9006089799999994
56,0.45595929260347406,4106,230928,-0.0691076,330888,0.001,2264,102.0,0.002342286185012199,-7.896887619999998
56,0.42812033815711154,4113,231336,-0.059980888,331296,0.001,2268,102.0,0.001548713345055505,-7.90106353
56,0.45717670461710763,4120,231744,-0.093425855,331704,0.001,2272,102.0,0.001226217374970278,-7.918857770000001
56,0.44205890128425523,4127,232152,-0.081376046,332112,0.001,2276,102.0,0.001674570221118355,-7.91314235
56,0.4321360190709432,4134,232560,-0.0850839,332520,0.001,2280,102.0,0.0013904841197312206,-7.9220460500000005
56,0.45822792164250914,4142,232968,-0.09525777,332928,0.001,2284,102.0,0.0013867230177400452,-7.91033806
56,0.43596665064493817,4149,233376,-0.074298285,333336,0.001,2288,102.0,0.0020455194511062777,-7.916349370000001
56,0.4394618971090691,4156,233784,-0.120574534,333744,0.001,2292,102.0,0.0014592853070045,-7.933726340000001
56,0.4383652344638226,4163,234192,-0.059763897,334152,0.001,2296,102.0,0.001227413162340264,-7.91451255
56,0.43301554316399143,4170,234600,-0.094881944,334560,0.001,2300,102.0,0.00151697259385472,-7.9117828800000005
56,0.47186416329122055,4178,235008,-0.06309095,334968,0.001,2304,102.0,0.0017178154007791925,-7.89849187
56,0.4572714824302524,4185,235416,-0.053849474,335376,0.001,2308,102.0,0.001642269291515535,-7.89010014
56,0.4571026779857336,4192,235824,-0.06877064,335784,0.001,2312,102.0,0.0012705767850788748,-7.911503879999999
56,0.436868607413535,4199,236232,-0.04504037,336192,0.001,2316,102.0,0.0012709960331752275,-7.903831159999999
56,0.45208297699105504,4206,236640,-0.0717033,336600,0.001,2320,102.0,0.0017376501587112252,-7.951848699999999
56,0.4617423280781391,4213,237048,-0.088281155,337008,0.001,2324,102.0,0.0015961354234319764,-7.932218680000001
56,0.45418564478556317,4221,237456,-0.087130874,337416,0.001,2328,102.0,0.0016470413869612065,-7.93867119
56,0.45774787868939193,4228,237864,-0.06859727,337824,0.001,2332,102.0,0.0014027607942219166,-7.937042570000001
56,0.45872657088672414,4235,238272,-0.07438883,338232,0.001,2336,102.0,0.0013173707355984814,-7.981079480000002
56,0.43201857542290406,4242,238680,-0.13228585,338640,0.001,2340,102.0,0.0012946664704513217,-7.969578930000001
56,0.44467374711644414,4249,239088,-0.053003807,339048,0.001,2344,102.0,0.0020368527056074098,-7.993724560000001
56,0.4394172570284675,4256,239496,-0.066817105,339456,0.001,2348,102.0,0.0014826321257358215,-7.9879588099999985
56,0.44398118467891917,4264,239904,-0.09443948,339864,0.001,2352,102.0,0.0015520963942810126,-7.994140659999999
56,0.4319798645435595,4271,240312,-0.10210755,340272,0.001,2356,102.0,0.0013738444967220501,-7.993296839999999
56,0.45456362822476554,4278,240720,-0.08013875,340680,0.001,2360,102.0,0.0014688042223604176,-8.018686100000002
56,0.44514330491131426,4285,241128,-0.09320365,341088,0.001,2364,102.0,0.0012861298555257165,-8.050572429999999
56,0.44147882829694185,4292,241536,-0.093500115,341496,0.001,2368,102.0,0.0013877616706760782,-8.02960284
56,0.46974727102354463,4299,241944,-0.0974231,341904,0.001,2372,102.0,0.0013500907057901962,-7.99956671
56,0.43861013124970827,4307,242352,-0.087281704,342312,0.001,2376,102.0,0.0014027559191876493,-7.98955678
56,0.44055254932712107,4314,242760,-0.051857993,342720,0.001,2380,102.0,0.0022836099778228967,-7.999585249999999
56,0.45690545205976446,4321,243168,-0.05213773,343128,0.001,2384,102.0,0.0015593346755600115,-8.04503773
56,0.4351476950972688,4328,243576,-0.06062326,343536,0.001,2388,102.0,0.0015580998371268495,-8.02744203
56,0.4300621695378247,4335,243984,-0.065510534,343944,0.001,2392,102.0,0.0015759814745180455,-8.02691283
56,0.44164182713218764,4342,244392,-0.08812055,344352,0.001,2396,102.0,0.0012974537124083487,-8.03354656
56,0.44344966405746983,4350,244800,-0.09177193,344760,0.001,2400,102.0,0.001375570779440322,-8.042545460000001
56,0.4691617409972584,4357,245208,-0.100955494,345168,0.001,2404,102.0,0.0028882563172944586,-8.00779685
56,0.46462958408337013,4364,245616,-0.08932775,345576,0.001,2408,102.0,0.001285720528696901,-8.009719660000002
56,0.4660891291557574,4371,246024,-0.07052339,345984,0.001,2412,102.0,0.0014088332308364996,-8.003828729999999
56,0.44617368017925935,4378,246432,-0.06102683,346392,0.001,2416,102.0,0.0014763216170774517,-7.999002019999999
56,0.4266009073631436,4385,246840,-0.08674046,346800,0.001,2420,102.0,0.0016429368118349207,-7.958670359999998
56,0.46455803513526917,4393,247248,-0.077586815,347208,0.001,2424,102.0,0.0018123745246032509,-7.935320460000002
56,0.44287387413137097,4400,247656,-0.048864875,347616,0.001,2428,102.0,0.001327898004234942,-7.924576409999999
56,0.456030200509464,4407,248064,-0.059588086,348024,0.001,2432,102.0,0.001251377322677952,-7.90874643
56,0.45948176816398023,4414,248472,-0.12569286,348432,0.001,2436,102.0,0.0013853524550202065,-7.923930040000001
56,0.45048412680625916,4421,248880,-0.057780072,348840,0.001,2440,102.0,0.0015087054888877616,-7.912810540000001
56,0.4737561646045423,4428,249288,-0.06312212,349248,0.001,2444,102.0,0.0015860091278263294,-7.872241889999999
56,0.44376934831048925,4436,249696,-0.08407319,349656,0.001,2448,102.0,0.0014934345041789736,-7.87513587
56,0.44887660589872624,4443,250104,-0.06046875,350064,0.001,2452,102.0,0.0019961709264202463,-7.864785370000001
56,0.4770130748842277,4450,250512,-0.06723604,350472,0.001,2456,102.0,0.0014778684130493168,-7.874597850000002
56,0.4738028435146107,4457,250920,-0.054660283,350880,0.001,2460,102.0,0.0015817511307164643,-7.860777740000002
56,0.4308869607892691,4464,251328,-0.039326333,351288,0.001,2464,102.0,0.0013321153420096665,-7.864654020000001
56,0.45998894174893695,4471,251736,-0.0901699,351696,0.001,2468,102.0,0.002071192908653186,-7.85726905
56,0.47091202174915986,4479,252144,-0.10238525,352104,0.001,2472,102.0,0.001445335711240677,-7.85246498
56,0.45545215115827675,4486,252552,-0.12426958,352512,0.001,2476,102.0,0.0011987656843677327,-7.836942659999998
56,0.46262016015894275,4493,252960,-0.10210076,352920,0.001,2480,102.0,0.0014107020186059469,-7.84027475
56,0.44226502670961265,4500,253368,-0.087375365,353328,0.001,2484,102.0,0.001753264306399597,-7.8028719
56,0.46262186268965405,4507,253776,-0.030885186,353736,0.001,2488,102.0,0.0014078581911698897,-7.798308579999998
56,0.47107475733055787,4515,254184,-0.0809032,354144,0.001,2492,102.0,0.0015320682381142808,-7.833680469999999
56,0.46172846882951024,4522,254592,-0.055467933,354552,0.001,2496,102.0,0.001405808336344575,-7.87344453
56,0.4815804134396946,4529,255000,-0.05358672,354960,0.001,2500,102.0,0.001388582600139118,-7.900596809999999
56,0.4378591398982441,4536,255408,-0.091662295,355368,0.001,2504,102.0,0.0012717938146784482,-7.94399112
56,0.4523083345562804,4543,255816,-0.07670398,355776,0.001,2508,102.0,0.0013954622540326206,-7.923902859999999
56,0.4590021290031134,4550,256224,-0.07719059,356184,0.001,2512,102.0,0.0015090633398857807,-7.902876570000001
56,0.454920669688898,4558,256632,-0.087598935,356592,0.001,2516,102.0,0.0012244401966431634,-7.922672979999999
56,0.4856883021546345,4565,257040,-0.060611866,357000,0.001,2520,102.0,0.0014554248996051576,-7.970508649999998
56,0.46090810088550344,4572,257448,-0.09717311,357408,0.001,2524,102.0,0.0016101291769825598,-8.025483020000001
56,0.45912937118726616,4579,257856,-0.093751915,357816,0.001,2528,102.0,0.0013951680513998202,-8.04747232
56,0.45652099012159836,4586,258264,-0.06543806,358224,0.001,2532,102.0,0.0014112580572734313,-8.03194727
56,0.4354681247005276,4593,258672,-0.065363824,358632,0.001,2536,102.0,0.0012293722925367583,-7.98837211
56,0.5021288178715051,4601,259080,-0.092540525,359040,0.001,2540,102.0,0.0013153937911470968,-7.968390190000001
56,0.44542703909032483,4608,259488,-0.06015209,359448,0.001,2544,102.0,0.001897379058195214,-8.01216376
56,0.45662159750274584,4615,259896,-0.0969665,359856,0.001,2548,102.0,0.0015431147412706266,-7.97751192
56,0.4644385625918706,4622,260304,-0.109645985,360264,0.001,2552,102.0,0.0017195346553504065,-8.00166848
56,0.47218889903788475,4629,260712,-0.053442806,360672,0.001,2556,102.0,0.0013658262202322173,-7.97303299
56,0.4528993520082212,4636,261120,-0.07285668,361080,0.001,2560,102.0,0.001373743513563657,-7.95513463
56,0.47672732437358184,4644,261528,-0.077097446,361488,0.001,2564,102.0,0.0013783758799499814,-7.951720700000001
56,0.4576978151704751,4651,261936,-0.08850481,361896,0.001,2568,102.0,0.00246190561658438,-8.01122763
56,0.4702227288017086,4658,262344,-0.082673885,362304,0.001,2572,102.0,0.0014153552094962924,-8.03293208
56,0.4659939116122676,4665,262752,-0.07258727,362712,0.001,2576,102.0,0.0016971176213986588,-8.070669440000001
56,0.43974413795798434,4672,263160,-0.0933572,363120,0.001,2580,102.0,0.0013786115064160149,-8.08012792
56,0.4634713621116152,4679,263568,-0.092116356,363528,0.001,2584,102.0,0.0013655274351727783,-8.09308253
56,0.4228457168621175,4687,263976,-0.06534333,363936,0.001,2588,102.0,0.0015503308383688586,-8.14002187
56,0.47737808350254507,4694,264384,-0.09715623,364344,0.001,2592,102.0,0.0013785201924346277,-8.14167878
56,0.47408895545146046,4701,264792,-0.07132711,364752,0.001,2596,102.0,0.0017487425190897648,-8.107577000000001
56,0.47376765339982274,4708,265200,-0.086976826,365160,0.001,2600,102.0,0.0016831163706157502,-8.101443960000001
56,0.4837195811902775,4715,265608,-0.08405205,365568,0.001,2604,102.0,0.0015108413904718141,-8.08342597
56,0.46075397788309586,4722,266016,-0.054418527,365976,0.001,2608,102.0,0.001423484227773003,-8.09217952
56,0.4839499715496512,4730,266424,-0.08064743,366384,0.001,2612,102.0,0.0014798717439749882,-8.101608829999998
56,0.4688654895506653,4737,266832,-0.06920552,366792,0.001,2616,102.0,0.0015164293590179808,-8.0883314
56,0.475514053421862,4744,267240,-0.04325088,367200,0.001,2620,102.0,0.0013310863452680483,-8.04108578
56,0.5013824543532204,4751,267648,-0.06588043,367608,0.001,2624,102.0,0.0017110854231777565,-8.039330450000001
56,0.4708574303224975,4758,268056,-0.0708985,368016,0.001,2628,102.0,0.001697689662322256,-8.02788066
56,0.47159747720933426,4765,268464,-0.055603843,368424,0.001,2632,102.0,0.0017190702669276838,-8.046867690000001
56,0.47924207706077426,4773,268872,-0.083756514,368832,0.001,2636,102.0,0.0015204622924976125,-8.0360417
56,0.47938988839878754,4780,269280,-0.06858707,369240,0.001,2640,102.0,0.001412565569397902,-8.057280619999998
56,0.4744904412358415,4787,269688,-0.1288639,369648,0.001,2644,102.0,0.0014315793308139523,-8.0394928
56,0.46909186740716297,4794,270096,-0.08861074,370056,0.001,2648,102.0,0.0014291722567149384,-8.06463102
56,0.5272903629377776,4801,270504,-0.097540624,370464,0.001,2652,102.0,0.0014817154884689907,-8.05828129
56,0.4864720807355993,4809,270912,-0.046488147,370872,0.001,2656,102.0,0.001465796374581188,-8.103431559999999
56,0.471357070347842,4816,271320,-0.0712352,371280,0.001,2660,102.0,0.0013723198489078285,-8.114132080000001
56,0.4873642676016864,4823,271728,-0.035761084,371688,0.001,2664,102.0,0.0015414019629436855,-8.115729000000002
56,0.46580731021422966,4830,272136,-0.048494413,372096,0.001,2668,102.0,0.0017045978346882918,-8.08317455
56,0.4660494304170795,4837,272544,-0.040184733,372504,0.001,2672,102.0,0.0014355329102745244,-8.08246764
56,0.48197874952765074,4844,272952,-0.056448523,372912,0.001,2676,102.0,0.0025284219642772395,-8.090904519999999
56,0.4762278333598492,4851,273360,-0.0878756,373320,0.001,2680,102.0,0.0014302737880486757,-8.084004280000002
56,0.46447547218378854,4859,273768,-0.09194337,373728,0.001,2684,102.0,0.0015024962274622464,-8.07239075
56,0.48679494507172527,4866,274176,-0.07849196,374136,0.001,2688,102.0,0.0013838921038447605,-8.036285920000001
56,0.47280700475561854,4873,274584,-0.08188948,374544,0.001,2692,102.0,0.0014688314469964883,-8.011131180000001
56,0.4879052738348643,4880,274992,-0.089349836,374952,0.001,2696,102.0,0.0014969502874152443,-8.03047576
56,0.4763955444681878,4887,275400,-0.059444636,375360,0.001,2700,102.0,0.0015115848148650234,-8.03279458
56,0.48457171548815337,4895,275808,-0.06516781,375768,0.001,2704,102.0,0.0014199482043206408,-8.053155799999999
56,0.50260176319702,4902,276216,-0.08578972,376176,0.001,2708,102.0,0.0014639309976665377,-8.09685123
56,0.4761856388227612,4909,276624,-0.07075258,376584,0.001,2712,102.0,0.0013555527385666639,-8.082467430000001
56,0.5120569695444668,4916,277032,-0.10397205,376992,0.001,2716,102.0,0.002138169765542033,-8.101763690000002
56,0.49869099609992085,4923,277440,-0.10473876,377400,0.001,2720,102.0,0.0016753065009491846,-8.132800510000001
56,0.4820977662708245,4930,277848,-0.04607344,377808,0.001,2724,102.0,0.0014282727061072364,-8.114008840000002
56,0.5127999694908366,4938,278256,-0.087496765,378216,0.001,2728,102.0,0.0017446170289379854,-8.09279336
56,0.4717561655184802,4945,278664,-0.060999364,378624,0.001,2732,102.0,0.0014633765499371186,-8.09961541
56,0.48234479450712014,4952,279072,-0.07478398,379032,0.001,2736,102.0,0.0019336758536976013,-8.09285735
56,0.4983079299038532,4959,279480,-0.08911827,379440,0.001,2740,102.0,0.0018743686848799424,-8.09377106
56,0.4553425881792517,4966,279888,-0.07134156,379848,0.001,2744,102.0,0.0014620570304139297,-8.09141327
56,0.48968981381724863,4973,280296,-0.08592184,380256,0.001,2748,102.0,0.001557063149840699,-8.066813689999998
56,0.45313039568125035,4981,280704,-0.07780626,380664,0.001,2752,102.0,0.0014041658842139512,-8.054028109999999
56,0.4719769221310522,4988,281112,-0.04987489,381072,0.001,2756,102.0,0.0014072178729453728,-8.004536660000001
56,0.49733439146303665,4995,281520,-0.05073413,381480,0.001,2760,102.0,0.0017226457057404332,-7.9931233100000005
56,0.49692323920773523,5002,281928,-0.06009778,381888,0.001,2764,102.0,0.0015146740368115442,-7.975120609999999
56,0.4625580208558662,5009,282336,-0.10852218,382296,0.001,2768,102.0,0.001285406408843461,-7.980357099999999
56,0.4762906400012035,5017,282744,-0.06754019,382704,0.001,2772,102.0,0.0015480360546943678,-7.968896969999999
56,0.4650898368335238,5024,283152,-0.049655687,383112,0.001,2776,102.0,0.0014446949815678904,-7.942831639999998
56,0.4798597868751077,5031,283560,-0.056311015,383520,0.001,2780,102.0,0.0019601593367577367,-7.984928899999999
56,0.5028737888616674,5038,283968,-0.09234933,383928,0.001,2784,102.0,0.0015836238427950507,-8.02653548
56,0.4661633646955677,5045,284376,-0.081042826,384336,0.001,2788,102.0,0.0013896023110468306,-8.02397307
56,0.4779687161539115,5052,284784,-0.08329514,384744,0.001,2792,102.0,0.00135408274774604,-8.028513900000002
56,0.4636003900976742,5060,285192,-0.08892935,385152,0.001,2796,102.0,0.0015989991734386422,-8.00816953
56,0.4905189369239059,5067,285600,-0.09832196,385560,0.001,2800,102.0,0.0015135702960120112,-8.019128799999999
56,0.4819249277021371,5074,286008,-0.12742998,385968,0.001,2804,102.0,0.0015377362952658943,-8.01088139
56,0.5168220289781982,5081,286416,-0.07947443,386376,0.001,2808,102.0,0.0017534533212264982,-7.9723106800000005
56,0.46848786549240934,5088,286824,-0.09580241,386784,0.001,2812,102.0,0.0015089985690257676,-7.9971185
56,0.4945730327391157,5095,287232,-0.10815389,387192,0.001,2816,102.0,0.0015880495047895238,-7.954730110000001
56,0.4746493773133147,5103,287640,-0.064422995,387600,0.001,2820,102.0,0.001580583568498054,-7.932976160000001
56,0.498989545247134,5110,288048,-0.08337476,388008,0.001,2824,102.0,0.0016142422541366506,-7.9146815
56,0.5049066549422694,5117,288456,-0.057756186,388416,0.001,2828,102.0,0.0015968238821027197,-7.942905339999999
56,0.4962591704200296,5124,288864,-0.07510737,388824,0.001,2832,102.0,0.0013855312311480863,-7.907959519999999
56,0.4816677313224942,5131,289272,-0.0678778,389232,0.001,2836,102.0,0.0016735988190025547,-7.911023039999999
56,0.49781208470755933,5139,289680,-0.07606576,389640,0.001,2840,102.0,0.0015183529351762606,-7.90092749
56,0.4662880228430617,5146,290088,-0.09781823,390048,0.001,2844,102.0,0.0017763974813301592,-7.907371300000001
56,0.4863948407126408,5153,290496,-0.085409,390456,0.001,2848,102.0,0.0015737649493316626,-7.93068241
56,0.5020201521761277,5160,290904,-0.086105086,390864,0.001,2852,102.0,0.0018380930348797062,-7.9638634
56,0.4885130103896646,5167,291312,-0.08703837,391272,0.001,2856,102.0,0.0015945599740256975,-7.969596740000001
56,0.4867495511676751,5174,291720,-0.09039712,391680,0.001,2860,102.0,0.0015785730678294831,-7.956868359999999
56,0.47046127506330904,5182,292128,-0.09836767,392088,0.001,2864,102.0,0.0014438012953820255,-7.945023539999999
56,0.4787800811669406,5189,292536,-0.08002112,392496,0.001,2868,102.0,0.0017275864968313744,-7.93488083
56,0.4795249291494781,5196,292944,-0.048695654,392904,0.001,2872,102.0,0.0017760260396993115,-7.931501000000001
56,0.48652583594415705,5203,293352,-0.05754236,393312,0.001,2876,102.0,0.001702152388615479,-7.92445016
56,0.4749283308491987,5210,293760,-0.07960726,393720,0.001,2880,102.0,0.001786678905916108,-7.89765037
56,0.4704802682002385,5217,294168,-0.10714017,394128,0.001,2884,102.0,0.0015196165404631756,-7.890691539999999
56,0.4800978671101963,5225,294576,-0.096093185,394536,0.001,2888,102.0,0.001376760262121702,-7.868560679999998
56,0.4634590999168508,5232,294984,-0.08148769,394944,0.001,2892,102.0,0.00172733721610355,-7.851337569999999
56,0.477235602981904,5239,295392,-0.044169255,395352,0.001,2896,102.0,0.001723638171325529,-7.841929680000001
56,0.5103895862897238,5246,295800,-0.08413959,395760,0.001,2900,102.0,0.0016364700381482002,-7.833828179999999
56,0.4364357526395835,5253,296208,-0.08661281,396168,0.001,2904,102.0,0.0016343100565684248,-7.855606669999999
56,0.5088494741449169,5260,296616,-0.10702023,396576,0.001,2908,102.0,0.0016752494962465967,-7.878790269999999
56,0.4994078962241902,5268,297024,-0.0903319,396984,0.001,2912,102.0,0.0016468826894803594,-7.863379389999999
56,0.46413933295829624,5275,297432,-0.08862329,397392,0.001,2916,102.0,0.0014760150771311886,-7.9369537
56,0.493404790466907,5282,297840,-0.09186152,397800,0.001,2920,102.0,0.0014918294538944668,-7.937704130000001
56,0.4764859249778822,5289,298248,-0.09723453,398208,0.001,2924,102.0,0.0015406603334293537,-7.936431350000001
56,0.4563175545019262,5296,298656,-0.06037288,398616,0.001,2928,102.0,0.001564658521994145,-7.91867885
56,0.4690662628295375,5304,299064,-0.1212749,399024,0.001,2932,102.0,0.0019240514236883552,-7.96321933
56,0.4898143930762422,5311,299472,-0.062468376,399432,0.001,2936,102.0,0.0016722561798387153,-7.9780340899999995
56,0.4692625537806866,5318,299880,-0.08113304,399840,0.001,2940,102.0,0.0013612613255128392,-8.00783161
